Connection_level,worker,unit,judgment,job,duration,wqs,wwa,wsa,wqs_initial,wwa_initial,wsa_initial
Neutral,22.666666666666668,10.0,10.0,1.0,0.0,0.182838048745442,0.3360766122495202,0.5069663169200083,0.1602401851405939,0.2991740203880636,0.49809641287454187
Strong,8.0,10.0,10.0,1.0,0.0,0.24215935101615094,0.39563049479063883,0.6035478616524313,0.21758855272122038,0.3576060620955917,0.601610398508059
Very Strong,8.0,10.0,10.0,1.0,0.0,0.30738199571426217,0.45134822997156937,0.6773472641068934,0.25627874812597323,0.3919660099617448,0.6495019601941447
Very Weak,19.0,10.0,10.0,1.0,0.0,0.23338918345520013,0.38091129014274394,0.5752073219946653,0.20188352154481676,0.3380506263744022,0.5631164486850723
Weak,17.142857142857142,10.0,10.0,1.0,0.0,0.26813468045246464,0.41697363728742315,0.6348443647876224,0.24152401098646686,0.37674232965619237,0.6336822010089213
