Connection_level;wqs
Very Weak;0.23338918345520013
Weak;0.26813468045246464
Neutral;0.182838048745442
Strong;0.24215935101615094
Very Strong;0.30738199571426217