,output.Answer,aqs,aqs_initial
1,12,1e-08,1e-08
2,12,1e-08,1e-08
3,12,1e-08,0.09090909090909091
4,12,1.0,0.6363636363636364
5,12,1e-08,1e-08
