Mean,Median,mode,range,variance,std_deviations,iqr
0.36732005625056974,0.3852259446389401,0.1721108379427125,0.306538531229147,0.012831140484629364,0.11327462418666134,0.16221815132718037
