Mean,Median,mode,range,variance,std_deviations,iqr
0.44848484478906325,0.4539538914064825,0.405666259701564,0.07812756920097141,0.000645615659148169,0.025408968085071242,0.0152269698742305
