Mean,Median,mode,range,variance,std_deviations,iqr
0.37059031365005535,0.386151237458918,0.3115787618948646,0.10732386914573872,0.0015219030143616757,0.03901157538938508,0.055481734971007
