Mean,Median,mode,range,variance,std_deviations,iqr
0.37217971064564065,0.37296556181181684,0.2164127639752362,0.27881567025948617,0.008024632409645772,0.0895803126230634,0.14014133165169373
