Mean,Median,mode,range,variance,std_deviations,iqr
0.38091129014274394,0.3904732822755719,0.2164127639752362,0.27881567025948617,0.009540946699060327,0.09767776972812353,0.1630082730263837
