Mean,Median,mode,range,variance,std_deviations,iqr
0.45134822997156937,0.45134822997156937,0.4189026310406033,0.06489119786193209,0.001052716889989105,0.032445598930966046,0.0324455989309661
