Mean,Median,mode,range,variance,std_deviations,iqr
0.3360766122495202,0.3404186014424419,0.1721108379427125,0.28461578149744005,0.0082296051173606,0.09071717101718174,0.0989042855446039
