Mean,Median,mode,range,variance,std_deviations,iqr
0.39563049479063883,0.3959003364134489,0.3355861266439891,0.1198188946704894,0.002392797660593672,0.04891623105466806,0.059909447335244725
