Mean,Median,mode,range,variance,std_deviations,iqr
0.41697363728742315,0.4356816264329179,0.3283873220918863,0.1502620470799732,0.0023481253824274655,0.048457459512725856,0.060961672277085155
