unit,uqs
100,0.7382703943223695
200,0.6336264609659421
300,0.6403693209250878
