unit,uqs
101,0.4
102,0.0
103,0.0
104,0.4
105,0.5477225575051661
106,0.6
107,0.6708203932499369
108,0.8164965809277261
109,0.8
110,0.2886751345948129
